MERVEILLEUX FRANCE — PRODUCT MANIFEST & PHOTO TRACKER,,,,,,,,,,,
Bellesenze Group Sdn Bhd · 45 SKUs across 10 categories · Columns map directly to website product fields · Update status as photos are collected,,,,,,,,,,,
,,,,,,,,,,,
No.,Sun Defence,Item Name (EN),Item Name (中文),Size,Price (RM),Clean Shot?,Concept/Promo Shot?,Existing File On Hand (filename),Request Original from Grace?,Web Filename (kebab-case),Notes
1,Cleansers,Gentle Cleansing Milk,,,,✗ No,✓ Yes,merveilleux-daily-care-trial-set.jpg (set card),✓ Yes,merveilleux-gentle-cleansing-milk.jpg,Seen in Daily Care Trial Set (30ml trial). Full retail size + price TBC with Grace.
2,Cleansers,Ultrafine Cleansing Gel,,,,— TBC,✓ Yes,merveilleux-daily-care-trial-set.jpg (set card),✓ Yes,merveilleux-ultrafine-cleansing-gel.jpg,Seen in Daily Care Trial Set (20ml trial). Full retail size + price TBC.
3,Toners,Ceramide Ice-Essence Toner,,,,— TBC,✓ Yes,merveilleux-daily-care-trial-set.jpg (set card),✓ Yes,merveilleux-ceramide-ice-essence-toner.jpg,Seen in Daily Care Trial Set (30ml trial). Full retail size + price TBC.
4,Serums & Treatments,Restoration Serum,,,,— TBC,✓ Yes,trial set cards (multiple),✓ Yes,merveilleux-restoration-serum.jpg,"Appears in Repairing, Congested & Pimples sets (10ml trial)."
5,Serums & Treatments,Hydro-Sensi Con,,,,— TBC,✓ Yes,trial set cards (multiple),✓ Yes,merveilleux-hydro-sensi-con.jpg,Confirm full product name with Grace (Concentrate?).
6,Serums & Treatments,Hydro Moist Serum,,,,— TBC,✓ Yes,trial set cards,✓ Yes,merveilleux-hydro-moist-serum.jpg,10ml trial size seen.
7,Serums & Treatments,Oxy-Bright Serum,,,,— TBC,✓ Yes,brightening set card,✓ Yes,merveilleux-oxy-bright-serum.jpg,10ml trial size seen.
8,Serums & Treatments,Pore Refine Serum,,,,— TBC,✓ Yes,brightening set card,✓ Yes,merveilleux-pore-refine-serum.jpg,5ml trial size seen.
9,Serums & Treatments,Blemish Serum,,,,— TBC,✓ Yes,pimples set card,✓ Yes,merveilleux-blemish-serum.jpg,5ml trial size seen.
10,Serums & Treatments,Advanced Bio Peptide Treatment,,,,— TBC,✓ Yes,merveilleux-bio-peptide-treatment-benefits-zh.jpg,✓ Yes,merveilleux-advanced-bio-peptide-treatment.jpg,中文 benefit infographic on hand. Size + price TBC.
11,Masks,Intensive Hydro-Treatment Silk Mask,,5 pcs,168,— TBC,✓ Yes,merveilleux-mask-series-card.jpg,✓ Yes,merveilleux-intensive-hydro-treatment-silk-mask.jpg,"特别适合干燥、粗糙与疲倦皮肤 — copy already written on card, extract to website."
12,Masks,Intensive Restoration Treatment Silk Mask,,5 pcs,178,— TBC,✓ Yes,merveilleux-mask-series-card.jpg,✓ Yes,merveilleux-intensive-restoration-treatment-silk-mask.jpg,炎症痤疮痘痘修复 copy on card — extract to website.
13,Trial Sets & Bundles,Daily Care Trial Set,,3 items,168,— TBC,✓ Yes,merveilleux-daily-care-trial-set.jpg,✗ No,merveilleux-daily-care-trial-set.jpg,Cleansing Milk 30ml + Cleansing Gel 20ml + Ice-Essence Toner 30ml.
14,Trial Sets & Bundles,Repairing + Hydrating Trial Set,,3 items,288,— TBC,✓ Yes,merveilleux-trial-set-card.jpg,✗ No,merveilleux-repairing-plus-hydrating-trial-set.jpg,Restoration Serum 10ml + Hydro-Sensi Con 10ml + Hydro Moist Serum 10ml.
15,Trial Sets & Bundles,Brightening + Hydrating Trial Set,,3 items,288,— TBC,✓ Yes,merveilleux-trial-set-card.jpg,✗ No,merveilleux-brightening-plus-hydrating-trial-set.jpg,Oxy-Bright Serum 10ml + Pore Refine Serum 5ml + 1 more — VERIFY contents with Grace.
16,Trial Sets & Bundles,Congested Set,,3 items,260,— TBC,✓ Yes,merveilleux-trial-set-card.jpg,✗ No,merveilleux-congested-set.jpg,Contents partially legible on card — VERIFY with Grace.
17,Trial Sets & Bundles,Pimples Trial Set,,3 items,260,— TBC,✓ Yes,merveilleux-trial-set-card.jpg,✗ No,merveilleux-pimples-trial-set.jpg,Restoration Serum 10ml + Blemish Serum 5ml + Hydro-Sensi Con 10ml.
18,,,,,,,,,,,
19,,,,,,,,,,,
20,,,,,,,,,,,
21,,,,,,,,,,,
22,,,,,,,,,,,
23,,,,,,,,,,,
24,,,,,,,,,,,
25,,,,,,,,,,,
26,,,,,,,,,,,
27,,,,,,,,,,,
28,,,,,,,,,,,
29,,,,,,,,,,,
30,,,,,,,,,,,
31,,,,,,,,,,,
32,,,,,,,,,,,
33,,,,,,,,,,,
34,,,,,,,,,,,
35,,,,,,,,,,,
36,,,,,,,,,,,
37,,,,,,,,,,,
38,,,,,,,,,,,
39,,,,,,,,,,,
40,,,,,,,,,,,
41,,,,,,,,,,,
42,,,,,,,,,,,
43,,,,,,,,,,,
44,,,,,,,,,,,
45,,,,,,,,,,,